{"cameraMode":{"drawMode":0,"name":"Shaded","section":"Shading Mode"},"sceneLighting":true,"audioPlay":false,"sceneViewState":{"m_AlwaysRefresh":false,"showFog":true,"showSkybox":true,"showFlares":true,"showImageEffects":true,"showParticleSystems":true,"showVisualEffectGraphs":true,"m_FxEnabled":true},"in2DMode":false,"pivot":{"x":-0.08942651748657227,"y":-1.0143234729766846,"z":0.8714095950126648},"rotation":{"x":-0.19615569710731507,"y":0.6286769509315491,"z":-0.16812337934970857,"w":-0.7334997057914734},"size":4.88209342956543,"orthographic":false}